Metric,Value
RMSE,26397.78293720895
MAE,16499.982421875
R2,0.9091508388519287
